metabolite,mean_c0,mean_c1,log2fc,effect_size,p_value,p_adjusted,significant
"2,3-Pentanedione",-2.515750134775025e-05,-0.48354443354148174,-14.230429550849369,12.953938232574012,0.11191674861732909,0.16219135987137773,False
2-Butyl-3-(4-β-diethylaminoethoxybenzoyl)benzofuran,-2.34801431466649,-0.006813420120034791,8.428846532605853,-1.64931966340699,0.2229696925824257,0.2797776155014507,False
Acetic acid ethenyl ester,-1.1704415329250528,-0.007423907804585038,7.3006585528993995,-1.586454631217338,0.22537265553943836,0.2797776155014507,False
D-Limonene,-0.6902848096640948,-0.0052076666441895885,7.050411100623502,-2.198398747680917,0.017166890396275624,0.03712839085706123,True
"Benzenepropionic acid, 2-tetradecyl ester",-0.8450015009908813,-0.011473341206064547,6.202596536404705,-833528159.7848167,0.01770206332656438,0.03761368445980446,True
"Cyclohexanol, 1-methyl-4-(1-methylethenyl)-, acetate",0.8665937661164687,0.027414686841004048,4.982334908709596,28.786273900680218,0.009209681603968142,0.035508779449592756,True
"Hexanoic acid, 2-ethyl-",-0.8546687582662106,-0.030322818977808096,4.8168896468648805,-2.1981928292078727,0.03744058509340718,0.0639339572744416,False
"Cyclohexanol, 1-methyl-4-(1-methylethenyl)-, acetate",-1.0125083881265284,-0.03870723548221726,4.709186813399669,-12.01158705359276,0.009209681603968142,0.035508779449592756,True
Hexanal,0.4344299400111116,0.01662616844051379,4.707595812816395,0.7879637044405311,0.19037680243463959,0.2470471064151835,False
2-Pentanone,0.7718875679934214,0.030545164465969943,4.659374763066323,11.08136271083896,0.0721686166513333,0.11186135580956662,False
"2-Butenal, (Z)-",0.5666218710394753,0.02408295008471952,4.556302198437192,1.1251337631187828,0.3468891508743845,0.38253783831602084,False
N-Dimethylaminomethyl-tert.-butyl-isopropylphosphine,-2.676682069794407,-0.11711491269866629,4.514449104264493,-1.6492614007989066,0.07891464219409512,0.12097354490193701,False
"Cyclohexanol, 1-methyl-4-(1-methylethenyl)-, acetate",0.892051041711833,0.04210730918863077,4.404983638464362,28.1668385892178,0.009209681603968142,0.035508779449592756,True
"Cyclohexanol, 1-methyl-4-(1-methylethenyl)-, acetate",-0.8888500008771718,-0.043418513131981015,4.355557780399061,-8.29279377181958,0.009209681603968142,0.035508779449592756,True
"Benzene, 1-methyl-3-(1-methylethyl)-",0.20559702974627825,0.010451383528585162,4.298053450590571,0.8132294718192903,0.2598891720988477,0.3085492724067171,False
Methional,-1.007373229590364,-0.05307946172915612,4.246300772655903,-7.228410922267752,0.01447981019775965,0.035508779449592756,True
"2,6-Diphenylpyridine",-2.274486955109827,-0.1464851290253062,3.9567150528431285,-0.6342039694947813,0.06825659521097147,0.10638877130648626,False
"1,3-Dioxolane",-0.6567274201172212,-0.046094964509873756,3.832613659972098,-0.2956691627928042,0.6472646670780331,0.6788979026871099,False
"Butanal, 3-methyl-",1.0211671007056924,0.0765251115981709,3.738141892469159,2.981808844257662,0.012619651968786677,0.035508779449592756,True
trans-β-Ocimene,-2.931454438751007,-0.219991247908297,3.7360986062329173,-0.4315373700572082,0.9692332344763441,0.9692332344763441,False
Benzeneacetaldehyde,-0.970509375503964,-0.07549935157061562,3.684206008676468,-895010023.9333483,0.007741877024846629,0.035508779449592756,True
"Bicyclo[3.1.1]hept-2-ene, 3,6,6-trimethyl-",-2.9993281525920223,-0.23805890169137328,3.65524889837155,-0.4315528428266368,0.6513227395137708,0.6805956716267493,False
Hexanal,-0.501195116881391,-0.04374124369871666,3.5183062423679075,-0.5265906361512115,0.19037680243463959,0.2470471064151835,False
p-Cresol,-1.8450226905994218,-0.18642021449239815,3.3070083536633157,-1.2566822255260586,0.008127515489292213,0.035508779449592756,True
Benzeneacetaldehyde,-0.9454540309902064,-0.10000647265791848,3.2409139496755874,-22.465035688046047,0.007741877024846629,0.035508779449592756,True
"2,3-Pentanedione",0.6351481883341827,0.0841035298960628,2.9168549578032343,6.261159009895042,0.11191674861732909,0.16219135987137773,False
Benzeneacetaldehyde,-0.9325401816029116,-0.12596020859868853,2.88819784815039,-8.549817546032552,0.007741877024846629,0.035508779449592756,True
"Cyclohexanol, 1-methyl-4-(1-methylethenyl)-, acetate",-0.7682161901304969,-0.11688662308509949,2.7164025471651705,-1.667789390349652,0.009209681603968142,0.035508779449592756,True
Isobutylene epoxide,-0.6996433449023576,-0.109454150324656,2.6762930220004506,-1.3629835583013017,0.2523917772050355,0.30092865743677305,False
"2,3-Pentanedione",0.6561837172399361,0.10766768233410762,2.6075145098707484,6.048903271113085,0.11191674861732909,0.16219135987137773,False
"Butanal, 3-methyl-",-2.831906590492815,-0.49028775995925356,2.530073031533493,-1.1816511868472581,0.012619651968786677,0.035508779449592756,True
"2,3-Pentanedione",0.6770048049791388,0.13370879958783358,2.34007164997184,6.20750383521323,0.11191674861732909,0.16219135987137773,False
"2,3-Pentanedione",0.7117575745724448,0.14320106272156272,2.313343734111639,6.784690188918451,0.11191674861732909,0.16219135987137773,False
"Disulfide, dimethyl",0.793897028514895,0.159780034664483,2.3128647418414485,7.178730027291275,0.052209020108926196,0.08568421535523771,False
"Butanal, 2-methyl-",0.9152312375616369,0.18903536677484326,2.275480112572895,10.209978005936074,0.010409879206759102,0.035508779449592756,True
"Disulfide, dimethyl",0.8170341444278948,0.17417358864171734,2.229870491412131,7.634502437731353,0.052209020108926196,0.08568421535523771,False
"Butanal, 2-methyl-",0.9148305818235192,0.2044287838877822,2.16190624458984,9.895113814162935,0.010409879206759102,0.035508779449592756,True
"1,3,5-Cycloheptatriene, 3,7,7-trimethyl-",-0.2588464611266227,-0.09188590439637653,1.4941811349765575,-0.23779841297869567,0.1753011371844201,0.23401443671987185,False
"Butanal, 3-methyl-",0.19946254979754852,0.0884732910123173,1.1728039944647282,0.09483385931581029,0.012619651968786677,0.035508779449592756,True
Octanal,0.15929911939609548,0.35341972369519653,-1.1496442595977983,-0.36798111962925023,0.06297609934801505,0.10040189553197829,False
Methional,-1.429155474208221,-0.7107522685666883,1.007744169343409,-0.2384081068069303,0.01447981019775965,0.035508779449592756,True
3-Carene,-0.08706233463731977,-0.1622059478598221,-0.8977061171304115,0.12128870842571991,0.05283594696110153,0.08620601872600776,False
"Butanal, 2-methyl-",0.17387131862608468,0.2789301364544655,-0.681883843854102,-0.25651476522077526,0.010409879206759102,0.035508779449592756,True
2-Propenal,-4.247529368043056,0.11328663029872729,,-1.6981575025565825,0.02067665485337118,0.04210793214664641,True
2-Propenal,-1.7563293615998163,0.022088818186866123,,-2.130897954075171,0.02067665485337118,0.04210793214664641,True
2-Propenal,-1.3137905638870344,0.025005862181219272,,-2.3689426198325494,0.02067665485337118,0.04210793214664641,True
Acetone,-4.257668132134366,0.014946019822129059,,-1.4557470346666195,0.22537265553943836,0.2797776155014507,False
Acetone,-1.167301886356272,0.0191789808719304,,-1.5585655899755222,0.22537265553943836,0.2797776155014507,False
2-Furancarbonyl chloride,1.1685289980019564,-0.43159973048730454,,2.4656002906447716,0.027910564665032212,0.05401462196494574,False
"1,3-Dioxolane, 2-ethyl-",-0.36628048367003563,0.12218736769329194,,-0.46421055094474273,0.43117122240815187,0.46808082121351896,False
"Propanal, 2-methyl-",-3.0539618586769794,0.03205308099764111,,-1.6880820237924274,0.01520356403688199,0.035508779449592756,True
"Propanal, 2-methyl-",-3.531001220323019,0.02752514265311229,,-1.7783272248860518,0.01520356403688199,0.035508779449592756,True
"Propane, 2-methoxy-2-methyl-",-2.0618472823092584,0.08322935203602641,,-1.636846777136908,0.03434667715250652,0.06103645175509121,False
"Propane, 2-methoxy-2-methyl-",-2.0316180411245828,0.09692370514348393,,-1.4848092321324582,0.03434667715250652,0.06103645175509121,False
Tolycaine,-2.1861659996632694,0.025159680459222282,,-1.6564221685194058,0.22722046249911806,0.2797776155014507,False
"Heptane, 2,2-dimethyl-",-0.41213869069045583,0.2461783269864561,,-1.1544730636914378,0.22792241341036018,0.2797776155014507,False
n-Hexane,-0.5430920416687379,0.17060248525849706,,-1.2634652947353076,0.06392786120670756,0.10076764563091191,False
"Pentane, 3-methyl-",-1.5973114203807954,0.14887612232591763,,-1.5524421836741156,0.22551051549750983,0.2797776155014507,False
"Propanal, 2-methyl-",0.454285393134536,-0.2456529238704114,,2.6248888579470333,0.01520356403688199,0.035508779449592756,True
"Propane, 2-methoxy-2-methyl-",1.0812328327826752,-0.20029121478646505,,1.775508810361651,0.03434667715250652,0.06103645175509121,False
2-Butanone,0.43050029974161363,-0.21958526703209308,,1.1205132009164125,0.010409879206759102,0.035508779449592756,True
"Propane, 2-methoxy-2-methyl-",1.0906198573187647,-0.1923653626737015,,1.8845370615975041,0.03434667715250652,0.06103645175509121,False
2-Butanone,0.4374570252754284,-0.21990960479430838,,1.123179473690337,0.010409879206759102,0.035508779449592756,True
Tolycaine,0.8105330648844369,-0.24717522067026473,,0.18389237139957845,0.22722046249911806,0.2797776155014507,False
n-Hexane,1.9704231584807892,-0.024564173821485742,,1.5583157987393734,0.06392786120670756,0.10076764563091191,False
2-Butanone,2.363815423823862,-0.8007928634779974,,2.3256658214589563,0.010409879206759102,0.035508779449592756,True
2-Butanone,2.9960294332244652,-0.20317541748609588,,2.3111253820218245,0.010409879206759102,0.035508779449592756,True
"Butanal, 3-methyl-",0.7378834180846328,-0.5115762130777287,,5.144533483366927,0.012619651968786677,0.035508779449592756,True
"Methylamine, N,N-dimethyl-",0.6532352048487918,-0.31106587580686834,,10.655062437322202,0.08837134500476451,0.13184815645095882,False
"Butanal, 2-methyl-",0.37641720940912143,-0.5441194077071987,,1.485876571839628,0.010409879206759102,0.035508779449592756,True
"Butanal, 2-methyl-",0.9885004070081849,-0.3137946557409572,,3.05058556763355,0.010409879206759102,0.035508779449592756,True
"Butanal, 2-methyl-",0.6723099520590745,-0.7800648681344672,,2.2145719580176473,0.010409879206759102,0.035508779449592756,True
"Butanal, 2-methyl-",1.4043279178240549,-0.161303185120357,,2.1005775286329036,0.010409879206759102,0.035508779449592756,True
"Guanidine, methyl-",1.9714411093513333,-0.3551350437836217,,1.949533346933642,0.03434667715250652,0.06103645175509121,False
"Furan, 2,3-dihydro-",-0.6418324416958824,0.12946728824342588,,-6.992907088012294,0.05420403103297351,0.08741574946936191,False
"2-Butenal, (E)-",-0.5911017284381708,0.08925337278539311,,-7.351835159144804,0.012619651968786677,0.035508779449592756,True
"2-Butenal, (E)-",-0.9995012862888802,0.07728273294507902,,-3.1286580361464047,0.012619651968786677,0.035508779449592756,True
"Butanal, 3-methyl-",-0.37207500604679933,0.2783257235286073,,-26.694889749877095,0.012619651968786677,0.035508779449592756,True
"Butanal, 3-methyl-",-0.07671397545830945,0.32873919591910383,,-8.653348084972873,0.012619651968786677,0.035508779449592756,True
"Butanal, 3-methyl-",-0.1554295023434641,0.16778169982074168,,-3.1076915471349786,0.012619651968786677,0.035508779449592756,True
"Propane, 1,3-dimethoxy-",0.7833021289977926,-0.38562304936864583,,4.569514415981118,0.012619651968786677,0.035508779449592756,True
"Butanal, 3-methyl-",-0.634511896085379,0.24479604713962808,,-25.683144306604028,0.012619651968786677,0.035508779449592756,True
"Butanal, 2-methyl-",-0.6635012120594492,0.2657500913915817,,-5.0955119788884815,0.010409879206759102,0.035508779449592756,True
"Butanal, 3-methyl-",0.8213023119449896,-0.044290036659629606,,16.35269561725516,0.012619651968786677,0.035508779449592756,True
"Butanal, 2-methyl-",-0.4839142452451102,0.3108367036781363,,-13.042182199624216,0.010409879206759102,0.035508779449592756,True
"Butanal, 2-methyl-",-0.4523679841935744,0.35068108611404314,,-3.392698390962201,0.010409879206759102,0.035508779449592756,True
"Butanal, 2-methyl-",-0.76873978320572,0.2494170227649028,,-0.8784789756601237,0.010409879206759102,0.035508779449592756,True
"Butanal, 3-methyl-",0.04721845288586082,-0.27666544231931545,,0.6572910096354184,0.012619651968786677,0.035508779449592756,True
"Butanal, 2-methyl-",-0.6135213042938108,0.27144214109955433,,-2.9664992210704155,0.010409879206759102,0.035508779449592756,True
2-Pentanone,-0.5293495673380718,0.06502389790053302,,-1.8422265136014495,0.0721686166513333,0.11186135580956662,False
2-Pentanone,0.662972203272143,-0.05825004626208086,,10.140062923573863,0.0721686166513333,0.11186135580956662,False
2-Pentanone,0.7986965465976827,-0.02579565818942383,,16.08164838366456,0.0721686166513333,0.11186135580956662,False
2-Pentanone,0.6353273665339852,-0.002969293367395376,,3.393889689679787,0.0721686166513333,0.11186135580956662,False
"2,3-Pentanedione",0.03852183511300015,-0.16654551448427993,,0.9770899491435556,0.11191674861732909,0.16219135987137773,False
"2,3-Pentanedione",-0.4006521503360904,0.3926630509999507,,-1.69369570948163,0.11191674861732909,0.16219135987137773,False
"2,3-Pentanedione",-0.4772269341521001,0.41489822216691474,,-1.5569291535006995,0.11191674861732909,0.16219135987137773,False
"2,3-Pentanedione",-0.7697149659561815,0.2322878647955533,,-1.4305303731831915,0.11191674861732909,0.16219135987137773,False
"2,3-Pentanedione",0.059203790768701706,-0.12352911332107167,,0.807189832110787,0.11191674861732909,0.16219135987137773,False
"2-Propanethiol, 2-methyl-",-0.2582589783624766,0.11734672557794541,,-1.8275011615901227,0.12841346829037084,0.18186475965996682,False
"Ethanol, 2-nitro-, propionate (ester)",-1.377259664142234,0.06571791833233365,,-0.5383434641388745,0.7207232912755404,0.739271317153955,False
"Butanal, 2-methyl-",0.5951080510467841,-0.23492888693984199,,6.22980555825668,0.010409879206759102,0.035508779449592756,True
"Disulfide, dimethyl",-0.9656630421772364,0.7571816004901173,,-3.688065030966352,0.052209020108926196,0.08568421535523771,False
"Disulfide, dimethyl",-0.3401536475320581,0.10540071693873294,,-0.5410898131122266,0.052209020108926196,0.08568421535523771,False
"Disulfide, dimethyl",-0.3921059699301671,0.2902426744364853,,-1.1689872115232902,0.052209020108926196,0.08568421535523771,False
"Disulfide, dimethyl",-0.13734728290205356,0.5479023526232504,,-8.732790531454652,0.052209020108926196,0.08568421535523771,False
"Disulfide, dimethyl",0.3783593167248314,-0.030861668729067215,,1.0390868390330261,0.052209020108926196,0.08568421535523771,False
Toluene,-0.05528403040257692,0.1626720307433339,,-4.483546600546941,0.1580974240189442,0.21308783237335957,False
"1-Penten-3-one, 2-methyl-",-1.347400621735382,0.3280993543322181,,-1.910680302935689,0.016044659139821938,0.035508779449592756,True
Toluene,-0.6796813383242573,0.13943307983348247,,-0.5231779073032955,0.1580974240189442,0.21308783237335957,False
Toluene,-0.31479225097924013,0.28915884352099336,,-1.2367203956348691,0.1580974240189442,0.21308783237335957,False
Hexanal,0.5280562529609741,-0.6379460067933176,,2.7815422364161466,0.19037680243463959,0.2470471064151835,False
Hexanal,-0.4702949019412887,0.08734125945424213,,-0.565505849715738,0.19037680243463959,0.2470471064151835,False
Hexanal,-0.06189055994154907,0.4609759136454089,,-7.727030092492625,0.19037680243463959,0.2470471064151835,False
"Acetic acid, methoxy-",-0.7248310523226862,1.4556785835397323,,-2.4571675826520005,0.22963825788470327,0.2797776155014507,False
Methional,-0.7488514434309285,0.6652537954137946,,-3.661853365972245,0.01447981019775965,0.035508779449592756,True
Heptanal,-0.6357070704060438,0.5032420571863481,,-1.5996856503130084,0.15107180883637075,0.2056050471480363,False
Heptanal,-0.6497598622746484,0.35770093102659384,,-1.4930080137951196,0.15107180883637075,0.2056050471480363,False
Methional,-2.4840494659499766,0.14660586767815614,,-1.0977992798434284,0.01447981019775965,0.035508779449592756,True
Methional,-2.389586225097786,0.13245427066320636,,-1.1261412863888958,0.01447981019775965,0.035508779449592756,True
Methional,1.007430246798792,-0.4181849528583489,,1.8732967061962364,0.01447981019775965,0.035508779449592756,True
"Tricyclo[2.2.1.0(2,6)]heptane, 1,3,3-trimethyl-",-2.123312103879086,0.8022154290234923,,-0.8559791377939893,0.32791527889958794,0.3644954693744423,False
Dimethyl sulfone,-1.6039163870103292,0.08170389752168813,,-0.987625984384907,0.016163494588165878,0.035508779449592756,True
Dimethyl sulfone,-0.8098647639753274,0.2112138194411158,,-9.483307810025032,0.016163494588165878,0.035508779449592756,True
"Bicyclo[3.1.1]hept-2-ene, 3,6,6-trimethyl-",0.3748242874897739,-0.6040329000282566,,1.72694920247482,0.6513227395137708,0.6805956716267493,False
Dimethyl sulfone,0.09836300832251196,-0.030652358231232812,,0.0916067704766197,0.016163494588165878,0.035508779449592756,True
"Bicyclo[3.1.0]hex-2-ene, 4-methyl-1-(1-methylethyl)-",1.4702702335169135,-0.04690810472308562,,0.6956260906992439,0.23223627472975858,0.2804931629852928,False
Benzaldehyde,-2.8134588990318243,0.14850168709156025,,-1.5316820794716313,0.015725054666416348,0.035508779449592756,True
Benzaldehyde,-0.5374426277091886,0.07547095004660559,,-1.2999728810395041,0.015725054666416348,0.035508779449592756,True
Dimethyl trisulfide,-0.5266042659595145,0.37742543446410864,,-2.976561271008558,0.03478749427722285,0.06142855002117199,False
Dimethyl trisulfide,-0.5263237402749881,0.37768246281481027,,-2.977238822195437,0.03478749427722285,0.06142855002117199,False
Dimethyl trisulfide,-6.75912826825956,0.35315587449263053,,-1.1005442973621844,0.03478749427722285,0.06142855002117199,False
Dimethyl trisulfide,0.3648871084221254,-0.05192288141630874,,1.5697390765666122,0.03478749427722285,0.06142855002117199,False
1-Heptanol,-0.7242058709074174,0.4587794229652409,,-1.237909535106149,0.12841346829037084,0.18186475965996682,False
1-Heptanol,-0.6301370347435769,0.40851157514750175,,-1.24908488952129,0.12841346829037084,0.18186475965996682,False
1-Heptanol,-2.6068828882242214,0.3227464316729924,,-0.8350319344493744,0.12841346829037084,0.18186475965996682,False
1-Heptanol,-0.49786543374222963,0.310161831821378,,-1.0630769778379312,0.12841346829037084,0.18186475965996682,False
"Cyclohexene, 4-methylene-1-(1-methylethyl)-",-2.5052060951199886,0.06433428437598884,,-0.772012422073136,0.4263477291781518,0.46465240797150137,False
"Cyclohexene, 4-methylene-1-(1-methylethyl)-",-2.259602666654498,0.09366184324697015,,-0.8049561887672813,0.4263477291781518,0.46465240797150137,False
"Bicyclo[3.1.1]heptane, 6,6-dimethyl-2-methylene-, (1S)-",-2.2088713181552646,0.13293690789131976,,-0.8209938481340655,0.4263477291781518,0.46465240797150137,False
Phenol,-0.6733440816647978,0.5104842444225465,,-3.7002417257145073,0.015725054666416348,0.035508779449592756,True
Phenol,-2.1966796474596224,0.5013390363750576,,-1.8458146376443534,0.015725054666416348,0.035508779449592756,True
Phenol,-0.08609190120070992,0.005837926813783823,,-0.10423612466729812,0.015725054666416348,0.035508779449592756,True
Phenol,-0.34286034025436884,0.20391546256689078,,-0.521766792712789,0.015725054666416348,0.035508779449592756,True
"5-Hepten-2-one, 6-methyl-",-1.4716897444591546,0.06010612252369903,,-3.169794273037881,0.015725054666416348,0.035508779449592756,True
"5-Hepten-2-one, 6-methyl-",-1.1529048359257126,0.21436843553722823,,-4.082327085344365,0.015725054666416348,0.035508779449592756,True
Octanal,-2.810510094078686,0.4806533630434175,,-0.7546304274611834,0.06297609934801505,0.10040189553197829,False
3-Carene,-1.048651386779927,0.5931298055141185,,-1.1256434853462163,0.05283594696110153,0.08620601872600776,False
3-Carene,0.2083914109389065,-0.37607850638286877,,3.359010045320885,0.05283594696110153,0.08620601872600776,False
Octanal,-0.41505501621422125,0.42352773420015816,,-2.26845044837972,0.06297609934801505,0.10040189553197829,False
3-Carene,0.10867782303630436,-0.4736250427940948,,7.70402974509911,0.05283594696110153,0.08620601872600776,False
Octanal,-0.2976061610419053,0.3833563937009797,,-1.1731105279327902,0.06297609934801505,0.10040189553197829,False
Octanal,-0.6641462051087749,0.4712684592277309,,-1.5029017345290947,0.06297609934801505,0.10040189553197829,False
"Cyclohexanol, 1-methyl-4-(1-methylethenyl)-, acetate",-0.871231327740017,0.01622932194439299,,-10.826480674229781,0.009209681603968142,0.035508779449592756,True
"1-Hexanol, 2-ethyl-",-0.6365141927372584,0.31100893241154665,,-5.6075674816670285,0.008926329489511324,0.035508779449592756,True
"1-Hexanol, 2-ethyl-",-0.8158975219707569,0.8687543735036003,,-5.454883879397428,0.008926329489511324,0.035508779449592756,True
"1-Hexanol, 2-ethyl-",-1.0144683544499569,0.46566761414571767,,-4.926026431567895,0.008926329489511324,0.035508779449592756,True
"1-Hexanol, 2-ethyl-",-0.8357589749746136,0.12671440242781068,,-15.25436287825126,0.008926329489511324,0.035508779449592756,True
Benzeneacetaldehyde,-0.5447493118998993,0.46962334112903426,,-2.3262655731397763,0.007741877024846629,0.035508779449592756,True
Benzeneacetaldehyde,0.6162456492148968,-0.04902012558565856,,10.892001153743594,0.007741877024846629,0.035508779449592756,True
p-Cresol,-1.1255152194340317,0.009829786316439415,,-6.036373055535581,0.008127515489292213,0.035508779449592756,True
p-Cresol,-0.7847258314045554,0.133807802979394,,-6.455758076793205,0.008127515489292213,0.035508779449592756,True
2-Nonanone,-0.8867382043236897,0.10556852906314855,,-4.944198542181315,0.008127515489292213,0.035508779449592756,True
Nonanal,-0.30384805943736354,0.17663436668901655,,-0.8624380212140033,0.03744058509340718,0.0639339572744416,False
Nonanal,-0.8724748476315484,0.8569795529171964,,-2.8395710272503547,0.03744058509340718,0.0639339572744416,False
Phenylethyl Alcohol,-1.0347400103349758,0.12419411607990741,,-7.5123143960990095,0.008127515489292213,0.035508779449592756,True
Phenylethyl Alcohol,-1.0397276164776081,0.12564520129355686,,-7.535716921354088,0.008127515489292213,0.035508779449592756,True
"Phenol, 4-ethyl-",-0.9503290178351121,0.19877531726834144,,-5.403201103860436,0.008127515489292213,0.035508779449592756,True
"Cyclohexanol, 5-methyl-2-(1-methylethyl)-, (1α,2β,5α)-(ñ)-",-0.8948828681293254,0.24847889143892243,,-4.540025842869111,0.008127515489292213,0.035508779449592756,True
"Ethanol, 2-(2-butoxyethoxy)-",-2.0383256232614904,1.5471072536772923,,-2.2184415124463293,0.033041200375886814,0.060647992795213296,False
Methyl salicylate,-0.9541568860830534,0.28217523540650646,,-6.158587307171878,0.010409879206759102,0.035508779449592756,True
Dodecane,-0.9020883186570182,0.14301602808630853,,-5.611451628377603,0.01447981019775965,0.035508779449592756,True
"3-Dodecene, (E)-",-0.8521719454358014,0.3583361163860687,,-5.011412539988467,0.015725054666416348,0.035508779449592756,True
Decanal,-0.2617911984221947,0.09213962797741615,,-0.8053977190173994,0.45783336177161427,0.4912904151318476,False
"1H-Pyrrole-2,5-dione, 3-ethyl-4-methyl-",-0.9826423821756094,0.1984598723463963,,-6.186413285168078,0.01447981019775965,0.035508779449592756,True
Benzeneacetic acid,-1.2292062947624478,0.1777292217473482,,-3.869672481267146,0.010409879206759102,0.035508779449592756,True
"2-Decenal, (E)-",-1.9145132468187493,0.4464781895338401,,-0.9557991036544572,0.09442022319630207,0.1393822342421602,False
"2-Decenal, (E)-",-0.1131587688810492,0.36876927401363024,,-0.7119154704619116,0.09442022319630207,0.1393822342421602,False
"2-Decenal, (E)-",-0.33393322310043294,0.4107086078006933,,-1.072612963576192,0.09442022319630207,0.1393822342421602,False
"Dodecane, 2,6,11-trimethyl-",-1.1815262274724465,0.14286484882647943,,-6.181461915223092,0.010409879206759102,0.035508779449592756,True
"Benzeneacetaldehyde, α-ethylidene-",-2.044087255925703,0.7627313023111671,,-1.3178612243400718,0.015725054666416348,0.035508779449592756,True
"Benzeneacetaldehyde, α-ethylidene-",-0.9898025307999292,1.2245919005859631,,-12.34463620778024,0.015725054666416348,0.035508779449592756,True
"Benzeneacetaldehyde, α-ethylidene-",-0.6383633077359132,0.3152864753364747,,-50.89979050381547,0.015725054666416348,0.035508779449592756,True
"Benzeneacetaldehyde, α-ethylidene-",-0.9444304447478283,0.02407608821338656,,-7.433979848962838,0.015725054666416348,0.035508779449592756,True
"Benzeneacetaldehyde, α-ethylidene-",-0.9842632952024704,0.0423886268786014,,-9.764749894279964,0.015725054666416348,0.035508779449592756,True
"Benzeneacetaldehyde, α-ethylidene-",-1.7664978420859618,0.05719882730874567,,-1.4885948016498398,0.015725054666416348,0.035508779449592756,True
"Benzeneacetaldehyde, α-ethylidene-",-0.8796607769596555,0.015454968730871937,,-7.395115987963568,0.015725054666416348,0.035508779449592756,True
"5-Thiazoleethanol, 4-methyl-",-0.9881885028312678,0.11451109329021125,,-10.624299204333992,0.012619651968786677,0.035508779449592756,True
Nonanoic acid,-1.1316296683446088,0.22870730537074038,,-3.2930706510997996,0.010409879206759102,0.035508779449592756,True
Indole,-0.871394828530011,0.15343776441313467,,-4.311287709184868,0.008127515489292213,0.035508779449592756,True
Tridecane,-0.9240594452675737,0.2161470884036214,,-4.715847881291384,0.015725054666416348,0.035508779449592756,True
2-Undecanol,-0.9572011887573267,0.33095254567360977,,-5.400682565930615,0.01447981019775965,0.035508779449592756,True
"1-Octanol, 2-butyl-",-1.1318853818101855,0.22050408160181317,,-3.9044908484169283,0.012619651968786677,0.035508779449592756,True
n-Tridecan-1-ol,-0.8503918678613767,0.34371799432098954,,-4.593840170424985,0.012619651968786677,0.035508779449592756,True
"Nonane, 2,2,4,4,6,8,8-heptamethyl-",-0.7930986335766761,0.3418813257802828,,-6.63730392533657,0.015725054666416348,0.035508779449592756,True
"Dodecane, 2,6,10-trimethyl-",-0.7230085802030656,0.4802041178572291,,-5.990908716820696,0.008127515489292213,0.035508779449592756,True
"Dodecane, 2,6,10-trimethyl-",-0.7187629124663626,0.4963732495597172,,-5.9596730681832355,0.008127515489292213,0.035508779449592756,True
Hydrocinnamic acid,-0.7250655956827575,0.10206005117480274,,-3.690733972920454,0.02044534603793764,0.04210793214664641,True
α-Cubebene,-1.0986741475097563,0.48488535166473323,,-2.6808236889878128,0.010409879206759102,0.035508779449592756,True
"4-Methylcatechol, 2TMS derivative",-0.8723894859766133,0.12569664034627243,,-4.3447428434017565,0.015725054666416348,0.035508779449592756,True
"1,2,4-Metheno-1H-indene, octahydro-1,7a-dimethyl-5-(1-methylethyl)-, [1S-(1α,2α,3aβ,4α,5α,7aβ,8S*)]-",-0.9877144559410977,0.6649256048112949,,-2.8442112539635085,0.015725054666416348,0.035508779449592756,True
n-Decanoic acid,-1.0546725368029832,0.1474206240070936,,-5.9050684475028765,0.01447981019775965,0.035508779449592756,True
n-Decanoic acid,-0.7753882413220184,0.18808583352965993,,-23.01886519246837,0.01447981019775965,0.035508779449592756,True
.alfa.-Copaene,-1.0329873031868821,0.5469098793804525,,-2.9866022164954487,0.015725054666416348,0.035508779449592756,True
.alfa.-Copaene,-1.0302426495398411,0.5495629665662236,,-2.9800529896561794,0.015725054666416348,0.035508779449592756,True
"1H-Cyclopenta[1,3]cyclopropa[1,2]benzene, octahydro-7-methyl-3-methylene-4-(1-methylethyl)-, [3aS-(3aα,3bβ,4β,7α,7aS*)]-",-1.2536321328347348,0.749984088633221,,-2.5817671065936603,0.010409879206759102,0.035508779449592756,True
"Indole, 3-methyl-",-0.8950889829929384,0.19039786599866418,,-5.980684602693916,0.015725054666416348,0.035508779449592756,True
α-Cubebene,-1.1443171139119186,0.6619252693252512,,-2.773965575659222,0.010409879206759102,0.035508779449592756,True
2-Dodecanone,-1.2006093216221667,0.24967974250697425,,-4.905094937001904,0.015725054666416348,0.035508779449592756,True
Tetradecane,-0.959044418641154,0.1783898610180959,,-5.8804060848083255,0.01447981019775965,0.035508779449592756,True
"2,4,7,9-Tetramethyl-5-decyn-4,7-diol",-0.923817436388469,0.10314323187164405,,-24.871655402214326,0.016163494588165878,0.035508779449592756,True
"2,4,7,9-Tetramethyl-5-decyn-4,7-diol",-0.912798158580518,0.11267284885626525,,-27.19765156617228,0.016163494588165878,0.035508779449592756,True
Caryophyllene,-1.3448654057260665,0.5115561835742232,,-3.2715481812216236,0.016163494588165878,0.035508779449592756,True
"1H-Cyclopropa[a]naphthalene, 1a,2,3,5,6,7,7a,7b-octahydro-1,1,7,7a-tetramethyl-, [1aR-(1aα,7α,7aα,7bα)]-",-1.3371417897848965,0.295156092116558,,-4.039529024457751,0.02279418088361234,0.045752348680056426,True
trans-α-Bergamotene,-0.8219754000549997,0.3999497032786981,,-3.8644397974784064,0.015725054666416348,0.035508779449592756,True
Erucin,-0.837992427831888,0.1886824946195175,,-8.710561647454453,0.01447981019775965,0.035508779449592756,True
α-Cubebene,-1.011582766112516,0.4290579171762601,,-2.273796767985401,0.010409879206759102,0.035508779449592756,True
"6,11-Dimethyl-2,6,10-dodecatrien-1-ol",-0.9119475458787718,0.21905056198828357,,-4.982857867702505,0.01447981019775965,0.035508779449592756,True
α-Cubebene,-1.5226843950962627,0.631315134208986,,-2.158335629299949,0.010409879206759102,0.035508779449592756,True
"5,9-Undecadien-2-one, 6,10-dimethyl-",-0.989149868155443,0.3422726123830966,,-4.672917737513243,0.012619651968786677,0.035508779449592756,True
"5,9-Undecadien-2-one, 6,10-dimethyl-",-1.0128356859236394,0.3347489687582426,,-4.79918205444188,0.012619651968786677,0.035508779449592756,True
"5,9-Undecadien-2-one, 6,10-dimethyl-, (E)-",-0.9754982626029115,0.3267787378963288,,-5.023870169375227,0.012619651968786677,0.035508779449592756,True
Humulene,-1.03497371251219,0.3389559251227355,,-4.152927843184419,0.012619651968786677,0.035508779449592756,True
"4,8,12-Tetradecatrien-1-ol, 5,9,13-trimethyl-",-0.9557251945371229,0.2606564481309748,,-4.3969253385950235,0.01447981019775965,0.035508779449592756,True
"cis-Muurola-4(15),5-diene",-0.934567022946423,0.4910606087141366,,-3.0821492561834964,0.01447981019775965,0.035508779449592756,True
"Tetradecane, 2-methyl-",-0.9834148954329913,0.15785484021855836,,-5.450147062887125,0.015725054666416348,0.035508779449592756,True
"Tetradecane, 3-methyl-",-0.985044801768612,0.19497254061331953,,-5.688814710772979,0.015725054666416348,0.035508779449592756,True
γ-Muurolene,-1.2263196401428715,0.5038578441010629,,-2.89061318045145,0.010409879206759102,0.035508779449592756,True
"Acetic acid, trifluoro-, 3,7-dimethyloctyl ester",-1.2844996507647248,0.1875512505604378,,-3.7939993334279105,0.01447981019775965,0.035508779449592756,True
Germacrene D,-0.4446729434375576,0.5616403356822217,,-1.77322957176261,0.14370394977770326,0.19946966163173735,False
trans-β-Ionone,-0.9450691515967855,0.06646034512247204,,-14.394069261719832,0.012619651968786677,0.035508779449592756,True
"2H-Indol-2-one, 1,3-dihydro-",-1.0919005872172043,0.10952105262826298,,-9.103763877176867,0.01447981019775965,0.035508779449592756,True
1-Pentadecene,-0.954785587492161,0.2038909631819318,,-4.722511153946888,0.012619651968786677,0.035508779449592756,True
1-Pentadecene,-0.9201760194614376,0.22442282621441428,,-5.815860341206021,0.012619651968786677,0.035508779449592756,True
"Naphthalene, 1,2,3,5,6,7,8,8a-octahydro-1,8a-dimethyl-7-(1-methylethenyl)-, [1S-(1α,7α,8aα)]-",-1.0200745044926647,0.2936192131477383,,-4.51770093454945,0.015725054666416348,0.035508779449592756,True
1-Pentadecene,-1.0823173186255903,0.18115141710477206,,-4.637991835001396,0.012619651968786677,0.035508779449592756,True
"Pentadecafluorooctanoic acid, pentadecyl ester",-1.0633464861072166,0.14325543818039715,,-5.3240928631066256,0.012619651968786677,0.035508779449592756,True
2-Tridecanone,-1.0287096713001689,0.1776652622318914,,-4.546464069765876,0.012619651968786677,0.035508779449592756,True
α-acorenol,-1.3129079155939583,0.11222693745019463,,-4.206344476118554,0.015725054666416348,0.035508779449592756,True
Pentadecane,-1.0186879593644471,0.17297465950917687,,-4.815032762498337,0.012619651968786677,0.035508779449592756,True
Pentadecane,-1.0017546231274268,0.17874495117699116,,-4.679018457137084,0.012619651968786677,0.035508779449592756,True
8-Heptadecene,-1.0088595290085445,0.1884106905543278,,-5.965406551667553,0.012619651968786677,0.035508779449592756,True
"2,4-Di-tert-butylphenol",-1.2921945463610223,0.32057146618972515,,-4.354954476324733,0.010409879206759102,0.035508779449592756,True
β-Bisabolene,-0.8392654534267467,0.5796174687346335,,-3.1213351847093933,0.01447981019775965,0.035508779449592756,True
"cis-muurola-4(14),5-diene",-1.0168949394659224,0.54056244982696,,-2.54198638083187,0.010409879206759102,0.035508779449592756,True
1-Pentadecene,-1.0499119444013911,0.2439892355781806,,-4.136066642432305,0.012619651968786677,0.035508779449592756,True
2-Tridecanol,-1.0281135187574526,0.26601234675904994,,-4.540133979862678,0.012619651968786677,0.035508779449592756,True
"1-Isopropyl-4,7-dimethyl-1,2,3,5,6,8a-hexahydronaphthalene",-1.0553255473033794,0.45160919736164473,,-2.9566252429204476,0.010409879206759102,0.035508779449592756,True
"1-Isopropyl-4,7-dimethyl-1,2,3,5,6,8a-hexahydronaphthalene",-1.1289921848656943,0.47502081086719483,,-3.4435197614371837,0.010409879206759102,0.035508779449592756,True
cis-Calamenene,-1.1174669970670916,0.5762894965405035,,-3.124835951923318,0.008127515489292213,0.035508779449592756,True
cis-Calamenene,-1.0716799313247747,0.5368300476345313,,-2.935326935562985,0.008127515489292213,0.035508779449592756,True
(Z)-1-Methyl-4-(6-methylhept-5-en-2-ylidene)cyclohex-1-ene,-1.1438318257676423,0.23628941714715196,,-3.5564814964595,0.012619651968786677,0.035508779449592756,True
2-Tetradecanone,-1.085549024246918,0.20406842302041645,,-5.509099100803173,0.01447981019775965,0.035508779449592756,True
2-Tetradecanone,-1.0656062192527809,0.21115686674619633,,-5.658390712942782,0.01447981019775965,0.035508779449592756,True
Dodecanoic acid,-0.10968433750528844,0.6353957230708229,,-8.6226921508264,0.03744058509340718,0.0639339572744416,False
Caryophyllene oxide,-1.1582003029798338,0.3528625887101958,,-3.546620651078597,0.015725054666416348,0.035508779449592756,True
2-Tetradecanone,-0.9822778788255211,0.19425974632265483,,-7.756180743114657,0.01447981019775965,0.035508779449592756,True
2-Tetradecanone,-0.98654220353841,0.19358372436217658,,-7.7770490173188636,0.01447981019775965,0.035508779449592756,True
Hexadecane,-0.9693246193107348,0.2279680448554903,,-5.674924500205744,0.012619651968786677,0.035508779449592756,True
Hexadecane,-0.9602463227418481,0.22890742322611302,,-5.603598952946428,0.012619651968786677,0.035508779449592756,True
Pentadecane,-0.9994443912592912,0.2471941820671218,,-4.818891052702605,0.012619651968786677,0.035508779449592756,True
"9-Octadecene, (E)-",-1.0241001499491973,0.22929407780999195,,-3.9218556883935896,0.010409879206759102,0.035508779449592756,True
"(1R,3E,7E,11R)-1,5,5,8-Tetramethyl-12-oxabicyclo[9.1.0]dodeca-3,7-diene",-1.6486085860287885,0.18870817705128456,,-2.878477172720675,0.015725054666416348,0.035508779449592756,True
"Caryophylla-4(12),8(13)-dien-5α-ol",-2.68341355293026,0.2834957101127376,,-2.5929439711589315,0.015262230448710447,0.035508779449592756,True
2-Tetradecanone,-0.9573816826251401,0.21332895261008405,,-6.207726767755881,0.01447981019775965,0.035508779449592756,True
γ-Dodecalactone,-0.9928249684356776,0.13320942996306545,,-10.945009884680836,0.015725054666416348,0.035508779449592756,True
γ-Dodecalactone,-0.9852000069531028,0.13350516010789756,,-11.405165704321734,0.015725054666416348,0.035508779449592756,True
"2(3H)-Furanone, 5-heptyldihydro-",-0.9892850264156612,0.13330753818329177,,-11.160724775531035,0.015725054666416348,0.035508779449592756,True
Heptadecane,-0.9686477960516163,0.20701058191230476,,-5.8841837451714305,0.010409879206759102,0.035508779449592756,True
2-Pentadecanone,-1.092244921464058,0.12842831781839673,,-6.483045697010031,0.012619651968786677,0.035508779449592756,True
2-Dodecanone,-0.9250620899471615,0.19351350427826836,,-8.278407449792072,0.015725054666416348,0.035508779449592756,True
2-Hexadecanone,-0.9315123793208895,0.188471262283892,,-8.910054268780494,0.015725054666416348,0.035508779449592756,True
"Sulfurous acid, di(2-ethylhexyl) ester",-1.3349501527191965,0.17074850127559188,,-4.464200510640715,0.016163494588165878,0.035508779449592756,True
Octadecane,-1.0006431009562287,0.19490970182089984,,-5.432601285328407,0.012619651968786677,0.035508779449592756,True
2-Hexadecanone,-1.010964031504103,0.20420769343926765,,-6.307503073874104,0.015725054666416348,0.035508779449592756,True
"2-Hexadecene, 3,7,11,15-tetramethyl-, [R-[R*,R*-(E)]]-",-1.0430213169268865,0.10214003711862803,,-7.323180772479086,0.01447981019775965,0.035508779449592756,True
"2-Hexadecene, 3,7,11,15-tetramethyl-, [R-[R*,R*-(E)]]-",-1.0323306102820036,0.112584829684059,,-6.732529268699093,0.01447981019775965,0.035508779449592756,True
trans-Geranylgeraniol,-0.9767729928262794,0.20390939631872382,,-5.385669259040958,0.01447981019775965,0.035508779449592756,True
"Indole-3-propionitrile, α-formamido-",-2.032657574529733,0.4005012676453751,,-2.147995952800083,0.01447981019775965,0.035508779449592756,True
"1-Naphthalenamine, N-phenyl-",-2.5064900639750824,0.19163177915863802,,-2.163942856377896,0.014370525236959367,0.035508779449592756,True
